TOWN,COUNTY
Accomac,Accomack County
Belle Haven,Accomack County
Bloxom,Accomack County
Chincoteague,Accomack County
Hallwood,Accomack County
Keller,Accomack County
Melfa,Accomack County
Onancock,Accomack County
Onley,Accomack County
Painter,Accomack County
Parksley,Accomack County
Saxis,Accomack County
Tangier,Accomack County
Wachapreague,Accomack County
Scottsville,Albemarle County
Iron Gate,Alleghany County
Amherst,Amherst County
Appomattox,Appomattox County
Pamplin,Appomattox County
Craigsville,Augusta County
Buchanan,Botetourt County
Fincastle,Botetourt County
Troutville,Botetourt County
Alberta,Brunswick County
Brodnax,Brunswick County
Lawrenceville,Brunswick County
Grundy,Buchanan County
Dillwyn,Buckingham County
Altavista,Campbell County
Brookneal,Campbell County
Bowling Green,Caroline County
Port Royal,Caroline County
Hillsville,Carroll County
Charlotte Court House,Charlotte County
Drakes Branch,Charlotte County
Keysville,Charlotte County
Phenix,Charlotte County
Berryville,Clarke County
Boyce,Clarke County
New Castle,Craig County
Culpeper,Culpeper County
Clinchco,Dickenson County
Clintwood,Dickenson County
Haysi,Dickenson County
Mckenney,Dinwiddie County
Tappahannock,Essex County
Clifton,Fairfax County
Herndon,Fairfax County
Vienna,Fairfax County
Remington,Fauquier County
The Plains,Fauquier County
Warrenton,Fauquier County
Floyd,Floyd County
Columbia,Fluvanna County
Boones Mill,Franklin County
Rocky Mount,Franklin County
Middletown,Frederick County
Stephens City,Frederick County
Glen Lyn,Giles County
Narrows,Giles County
Pearisburg,Giles County
Pembroke,Giles County
Rich Creek,Giles County
Fries,Grayson County
Independence,Grayson County
Troutdale,Grayson County
Stanardsville,Greene County
Halifax,Halifax County
Scottsburg,Halifax County
South Boston,Halifax County
Virgilina,Halifax County
Ashland,Hanover County
Ridgeway,Henry County
Monterey,Highland County
Smithfield,Isle of Wight County
Windsor,Isle of Wight County
West Point,King William County
Irvington,Lancaster County
Kilmarnock,Lancaster County
White Stone,Lancaster County
Jonesville,Lee County
Pennington Gap,Lee County
St Charles,Lee County
Hamilton,Loudoun County
Hillsboro,Loudoun County
Leesburg,Loudoun County
Lovettsville,Loudoun County
Middleburg,Loudoun County
Purcellville,Loudoun County
Round Hill,Loudoun County
Louisa,Louisa County
Mineral,Louisa County
Kenbridge,Lunenburg County
Victoria,Lunenburg County
Madison,Madison County
Boydton,Mecklenburg County
Chase City,Mecklenburg County
Clarksville,Mecklenburg County
Lacrosse,Mecklenburg County
South Hill,Mecklenburg County
Urbanna,Middlesex County
Blacksburg,Montgomery County
Christiansburg,Montgomery County
Cape Charles,Northampton County
Cheriton,Northampton County
Eastville,Northampton County
Exmore,Northampton County
Nassawadox,Northampton County
Blackstone,Nottoway County
Burkeville,Nottoway County
Crewe,Nottoway County
Gordonsville,Orange County
Orange,Orange County
Luray,Page County
Shenandoah,Page County
Stanley,Page County
Stuart,Patrick County
Chatham,Pittsylvania County
Gretna,Pittsylvania County
Hurt,Pittsylvania County
Farmville,Prince Edward County
Dumfries,Prince William County
Haymarket,Prince William County
Occoquan,Prince William County
Quantico,Prince William County
Dublin,Pulaski County
Pulaski,Pulaski County
Washington,Rappahannock County
Warsaw,Richmond County
Vinton,Roanoke County
Glasgow,Rockbridge County
Goshen,Rockbridge County
Bridgewater,Rockingham County
Broadway,Rockingham County
Dayton,Rockingham County
Elkton,Rockingham County
Grottoes,Rockingham County
Mt Crawford,Rockingham County
Timberville,Rockingham County
Cleveland,Russell County
Honaker,Russell County
Lebanon,Russell County
Clinchport,Scott County
Duffield,Scott County
Dungannon,Scott County
Gate City,Scott County
Nickelsville,Scott County
Weber City,Scott County
Edinburg,Shenandoah County
Mt Jackson,Shenandoah County
New Market,Shenandoah County
Strasburg,Shenandoah County
Toms Brook,Shenandoah County
Woodstock,Shenandoah County
Chilhowie,Smyth County
Marion,Smyth County
Saltville,Smyth County
Boykins,Southampton County
Branchville,Southampton County
Capron,Southampton County
Courtland,Southampton County
Ivor,Southampton County
Newsoms,Southampton County
Claremont,Surry County
Dendron,Surry County
Surry,Surry County
Jarratt,Sussex County
Stony Creek,Sussex County
Wakefield,Sussex County
Waverly,Sussex County
Bluefield,Tazewell County
Cedar Bluff,Tazewell County
Pocahontas,Tazewell County
Richlands,Tazewell County
Tazewell,Tazewell County
Front Royal,Warren County
Abingdon,Washington County
Damascus,Washington County
Glade Spring,Washington County
Colonial Beach,Westmoreland County
Montross,Westmoreland County
Appalachia,Wise County
Big Stone Gap,Wise County
Coeburn,Wise County
Pound,Wise County
St Paul,Wise County
Wise,Wise County
Rural Retreat,Wythe County
Wytheville,Wythe County